{"cameraMode":{"drawMode":0,"name":"Shaded","section":"Shading Mode"},"sceneLighting":true,"audioPlay":false,"sceneViewState":{"showFog":true,"showMaterialUpdate":false,"showSkybox":false,"showFlares":true,"showImageEffects":true,"showParticleSystems":true},"in2DMode":false,"pivot":{"x":0.0,"y":0.4660538136959076,"z":-3.501871347427368},"rotation":{"x":-0.19449982047080995,"y":-0.5999609231948853,"z":0.15287479758262635,"w":-0.7609667778015137},"size":0.5243431329727173,"orthographic":false}