{"cameraMode":{"drawMode":0,"name":"Shaded","section":"Shading Mode"},"sceneLighting":true,"audioPlay":false,"sceneViewState":{"showFog":true,"showMaterialUpdate":false,"showSkybox":true,"showFlares":true,"showImageEffects":true,"showParticleSystems":true},"in2DMode":false,"pivot":{"x":-19.756389617919923,"y":0.09528779983520508,"z":0.04430973529815674},"rotation":{"x":0.07940710335969925,"y":-0.910509467124939,"z":0.2079525738954544,"w":0.34874865412712099},"size":3.0505142211914064,"orthographic":false}